﻿<?xml version="1.0" encoding="utf-8" ?>
<Project>
  <DataSource Name="MyDataSource"/>
  <Folder Name="Analysis">
    <Report Name="Company sales" Hidden="True">
      <Path>Company Sales.rdl</Path>
    </Report>
    <Membership Role="Browser">
      <Member>Domain\User3</Member>
    </Membership>
  </Folder>
  <Report Name="Department sales"/>
  <Report Name="Team sales">
    <Path>Team Sales.rdl</Path>
    <Membership Role="Browser">
      <Member>Domain\User1</Member>
      <Member>Domain\User2</Member>
    </Membership>
  </Report>
</Project>