﻿<?xml version="1.0" encoding="utf-8" ?>
<Project>
  <Folder Name="Analysis">
    <Report Name="Company sales" Hidden="True">
      <Path>Company Sales.rdl</Path>
    </Report>
    <Folder Name="Realtime">
      <Report Name="Department sales"/>
      <Report Name="Country sales"/>
      <Folder Name="Confidential">
        <Report Name="Benefits"/>
      </Folder>
    </Folder>
  </Folder>
  <Folder Name="Low-level">
    <Report Name="Organizational sales"/>
    <Report Name="Team sales">
      <Path>Team Sales.rdl</Path>
    </Report>
  </Folder>
</Project>